CustomerID,CustomerCity
fe631bf78d4a7f9382755b3b6b53e0f7,belo horizonte
03fc97548af8f58fefc768d12b546c9c,rio de janeiro
e41819d1c95c12c9ce495b630eab8aee,sao paulo
322162b5ca010c2b059cb5224dd818b1,sao paulo
c11c31965ff02cc1d7132df8edfcbc22,sao paulo
3f3a10ec410c8efb0ca799fa7705d07e,ponte nova
7e395b4bf53aea8c56b1213f1b801411,guarulhos
181e2217f874cb5390be37f378db5e07,ribeirao pires
52f3ff878b892c17fcdc6030dcad7e7b,simoes filho
612c2e9ac0cdc41ded0c67720f8587d0,teresina
73e3d5eefc213584073f9781dc3e8430,cotia
e6844a55be2b09d0651ee44371fe6298,nova lima
1d99106cca82c25870ca45588226c83d,rio de janeiro
8943a36516635e4916eb25668432071e,recife
139d7621c8c3a922dbc1de5d68b99dc1,blumenau
c5ddea870873143bfa9a00611cfcc972,mogi das cruzes
7139ee1d2ad919a82b6e68a29582264e,santana de parnaiba
be32bd080b6202c0024e3065140711aa,pindamonhangaba
f0884dedff5f04fbc1ba865770d9b53b,sao jose dos campos
d436890d44092b00fcfcbdd7a168c240,sao paulo
