ProductID,ProductCategory,Price,DeliveryInDays,ReviewID,CustomerID
22937a73f92a33040ab4e2540355a5d8,fashion_bags_accessories,10.91,2,d4adfea6ec8fc541be646d30d00f63f5,fe631bf78d4a7f9382755b3b6b53e0f7
3aa071139cb16b67ca9e5dea641aaa2f,art,248,8,19866247db89845ef558ef19a6c26fcd,03fc97548af8f58fefc768d12b546c9c
96bd76ec8810374ed1b65e291975717f,sports_leisure,79.8,3,32921b4e09c9a19d61fe46ce04231b84,e41819d1c95c12c9ce495b630eab8aee
cef67bcfe19066a932b7673e239eb23d,baby,112.3,2,70949d129965fb1ee32aaccec720a19e,322162b5ca010c2b059cb5224dd818b1
9dc1a7de274444849c219cff195d0b71,housewares,37.9,7,74c9c7d0bc153bbbc92e4c1597b8ba55,c11c31965ff02cc1d7132df8edfcbc22
41d3672d4792049fa1779bb35283ed13,musical_instruments,45.87,12,ac43452674243999091d63bf2983fe75,3f3a10ec410c8efb0ca799fa7705d07e
732bd381ad09e530fe0a5f457d81becb,cool_stuff,958,4,bb070b2a6ef0d3bc13959c4b1b05bec9,7e395b4bf53aea8c56b1213f1b801411
2548af3e6e77a690cf3eb6368e9ab61e,furniture_decor,9.99,12,7a85fba4d92f7921547ca09428d101c1,181e2217f874cb5390be37f378db5e07
37cc742be07708b53a98702e77a21a02,home_appliances,10.4,7,6da036905bd1d6513f0c9bfac88c0673,52f3ff878b892c17fcdc6030dcad7e7b
8c92109888e8cdf9d66dc7e463025574,toys,82.9,2,f960bfc17d43bdf5a914819bd0db5297,612c2e9ac0cdc41ded0c67720f8587d0
14aa47b7fe5c25522b47b4b29c98dcb9,bed_bath_table,71.99,5,5240bae1a23980ce9313e7c5fe22770d,73e3d5eefc213584073f9781dc3e8430
03b63c5fc16691530586ae020c345514,baby,239,3,bfa3bf0bc322fa9ba4f3b3e36a68fbe1,e6844a55be2b09d0651ee44371fe6298
cf55509ea8edaaac1d28fdb16e48fc22,musical_instruments,207.25,8,e0932118a8c455301e8b9314343ed5c9,1d99106cca82c25870ca45588226c83d
7bb6f29c2be57716194f96496660c7c2,fashion_bags_accessories,59.9,3,8c490d0ee5db7c70a8fa86a70cb821b8,8943a36516635e4916eb25668432071e
eb31436580a610f202c859463d8c7415,construction_tools_safety,226.18,2,21464f8d235e8718a32952aea2d0dfc0,139d7621c8c3a922dbc1de5d68b99dc1
3bb7f144022e6732727d8d838a7b13b3,sports_leisure,26.7,7,a31b92ba884926313aaf896d6d00e55d,c5ddea870873143bfa9a00611cfcc972
6a2fb4dd53d2cdb88e0432f1284a004c,fashion_bags_accessories,16.9,12,0d953190c8ed55747f7b7ad3af2885e3,7139ee1d2ad919a82b6e68a29582264e
a1b71017a84f92fd8da4aeefba108a24,computers_accessories,69.9,4,c6ccec0c7cdc9946f753c9310418adc5,be32bd080b6202c0024e3065140711aa
a0736b92e52f6cead290e30b578413b6,furniture_decor,49.7,12,2a3105946e2980b9b7437095467ff0a9,f0884dedff5f04fbc1ba865770d9b53b
f53103a77d9cf245e579ea37e5ec51f0,fashion_bags_accessories,41.99,3,1eac9c52e33cba718293b36d4377c7d6,d436890d44092b00fcfcbdd7a168c240
