ReviewID,ReviewScore,ReviewTitle,ReviewComment,ReviewCreation
d4adfea6ec8fc541be646d30d00f63f5,4,,"Simply gorgeous!!
I loved the product!!
perfect size !!
Already bought several products.",18-01-2018 0.00
19866247db89845ef558ef19a6c26fcd,5,,Excellent pointing! In 3/2 a perfect tip!,10-03-2018 0.00
32921b4e09c9a19d61fe46ce04231b84,5,,N/A,17-02-2018 0.00
70949d129965fb1ee32aaccec720a19e,1,,"model purchased: pillow memory affection BABY PILLOW / delivery model pillow memory PRAM PILLOW affection.
So far no positioning sell for exchange",21-04-2017 0.00
74c9c7d0bc153bbbc92e4c1597b8ba55,5,,N/A,01-03-2018 0.00
ac43452674243999091d63bf2983fe75,5,,N/A,13-04-2018 0.00
bb070b2a6ef0d3bc13959c4b1b05bec9,2,,Came missing baby comfort,16-07-2017 0.00
7a85fba4d92f7921547ca09428d101c1,2,,"Delivery came missing the two seat futon I bought out of the kit.
That they are only delivered the kits. I keep waiting for the contact from you.",14-08-2018 0.00
6da036905bd1d6513f0c9bfac88c0673,1,,"I never had problems with stark.com, but unfortunately this time it missed. I asked for a water supply hose and received an outlet hose.",17-05-2017 0.00
f960bfc17d43bdf5a914819bd0db5297,4,Recommended,N/A,22-05-2018 0.00
5240bae1a23980ce9313e7c5fe22770d,5,,N/A,23-12-2017 0.00
bfa3bf0bc322fa9ba4f3b3e36a68fbe1,4,,N/a,19-12-2017 0.00
e0932118a8c455301e8b9314343ed5c9,5,,Good for the price,16-02-2018 0.00
8c490d0ee5db7c70a8fa86a70cb821b8,3,,"Product as advertised, but delivery very slow, bought for Mother's Day and arrived later.",28-03-2018 0.00
21464f8d235e8718a32952aea2d0dfc0,3,,N/A,30-04-2017 0.00
a31b92ba884926313aaf896d6d00e55d,5,Get it now,Damaged product delivered,23-05-2018 0.00
0d953190c8ed55747f7b7ad3af2885e3,5,,right on time !! I recommend. Looks beautiful. Can buy it if you are ready to compromise on the quality,18-01-2018 0.00
c6ccec0c7cdc9946f753c9310418adc5,5,,N/A,24-03-2018 0.00
2a3105946e2980b9b7437095467ff0a9,5,,N/A,29-09-2017 0.00
1eac9c52e33cba718293b36d4377c7d6,5,Amazing. Highly recommended,The great product and delivery ahead of schedule. I loved the texture of the bag. And it has multiple pockets too!!,15-08-2018 0.00
